elpd_diff	se_diff	elpd_loo	se_elpd_loo	p_loo	se_p_loo	looic	se_looic
0	0	-6140.22408522735	189.069486578914	103.71461324441	13.0815934529412	12280.4481704547	378.138973157828
-0.146415795539981	2.78151801401212	-6140.37050102289	188.123475608411	101.604500747748	13.0359358622467	12280.7410020458	376.246951216823
-0.723290932370306	1.70370819460584	-6140.94737615972	189.9535796888	104.426207498783	13.7806876658282	12281.8947523194	379.907159377601
